pid,uid,name,type,breed,colors,gender,weight,age,vaccinestatus,character1,character2,character3,like1,like2,dislike1,dislike2,dateCreated,lastmodified
pid1,uid1,Charlie,cat,Persian,gray,female,1,9,not vaccinated,insecure,curious,curious,playing with toys,playing with toys,loud noises,being around dogs,Tue Jun 27 2023 17:20:06 GMT+0700 (Western Indonesia Time),Tue Jun 27 2023 17:20:06 GMT+0700 (Western Indonesia Time)
pid2,uid1,Max,cat,Bengal,black,male,5,7,vaccinated,insecure,volatility,active,cuddling,watching birds,getting wet,being in unfamiliar environments,Tue Jun 27 2023 17:20:06 GMT+0700 (Western Indonesia Time),Tue Jun 27 2023 17:20:06 GMT+0700 (Western Indonesia Time)
pid3,uid2,Milo,cat,Siamese,gray,female,5,3,not vaccinated,reflects affection,fearful,ruthlessness,watching birds,cuddling,being handled roughly,being around dogs,Tue Jun 27 2023 17:20:06 GMT+0700 (Western Indonesia Time),Tue Jun 27 2023 17:20:06 GMT+0700 (Western Indonesia Time)
pid4,uid2,Charlie,cat,British Shorthair,gray,male,9,2,vaccinated,aggressiveness,aggressiveness,fearful,watching birds,chasing laser pointers,getting wet,being handled roughly,Tue Jun 27 2023 17:20:06 GMT+0700 (Western Indonesia Time),Tue Jun 27 2023 17:20:06 GMT+0700 (Western Indonesia Time)
pid5,uid3,Milo,cat,Sphynx,white,female,5,10,not vaccinated,scared of people,alert,bullying,cuddling,playing with toys,loud noises,being handled roughly,Tue Jun 27 2023 17:20:06 GMT+0700 (Western Indonesia Time),Tue Jun 27 2023 17:20:06 GMT+0700 (Western Indonesia Time)
pid6,uid3,Simba,cat,Bengal,gray,male,8,2,vaccinated,alert,suspicious,curious,watching birds,chasing laser pointers,being around dogs,being in unfamiliar environments,Tue Jun 27 2023 17:20:06 GMT+0700 (Western Indonesia Time),Tue Jun 27 2023 17:20:06 GMT+0700 (Western Indonesia Time)
pid7,uid4,Tiger,cat,Bengal,white,female,4,10,not vaccinated,insecure,inquisitive,shy,watching birds,sleeping in sunbeams,loud noises,being handled roughly,Tue Jun 27 2023 17:20:06 GMT+0700 (Western Indonesia Time),Tue Jun 27 2023 17:20:06 GMT+0700 (Western Indonesia Time)
pid8,uid4,Simba,cat,British Shorthair,white,male,5,8,vaccinated,friendliness towards people,insecure,bullying,playing with toys,cuddling,being around dogs,being around dogs,Tue Jun 27 2023 17:20:06 GMT+0700 (Western Indonesia Time),Tue Jun 27 2023 17:20:06 GMT+0700 (Western Indonesia Time)
pid9,uid5,Leo,cat,Scottish Fold,orange,female,8,8,not vaccinated,inquisitive,smart,gentleness,playing with toys,cuddling,being in unfamiliar environments,being in unfamiliar environments,Tue Jun 27 2023 17:20:06 GMT+0700 (Western Indonesia Time),Tue Jun 27 2023 17:20:06 GMT+0700 (Western Indonesia Time)
pid10,uid5,Simba,cat,Scottish Fold,black,male,6,5,vaccinated,scared of people,active,scared of people,watching birds,watching birds,loud noises,being around dogs,Tue Jun 27 2023 17:20:06 GMT+0700 (Western Indonesia Time),Tue Jun 27 2023 17:20:06 GMT+0700 (Western Indonesia Time)
pid11,uid6,Milo,cat,Scottish Fold,gray,female,5,5,not vaccinated,unpredictability,suspicious,fearful,playing with toys,watching birds,being around dogs,loud noises,Tue Jun 27 2023 17:20:06 GMT+0700 (Western Indonesia Time),Tue Jun 27 2023 17:20:06 GMT+0700 (Western Indonesia Time)
pid12,uid6,Simba,cat,Siamese,black,male,7,3,vaccinated,insecure,aggressiveness,shy,watching birds,playing with toys,being in unfamiliar environments,being in unfamiliar environments,Tue Jun 27 2023 17:20:06 GMT+0700 (Western Indonesia Time),Tue Jun 27 2023 17:20:06 GMT+0700 (Western Indonesia Time)
pid13,uid7,Oliver,cat,Ragdoll,white,female,1,8,not vaccinated,reflects affection,insecure,shy,sleeping in sunbeams,watching birds,loud noises,loud noises,Tue Jun 27 2023 17:20:06 GMT+0700 (Western Indonesia Time),Tue Jun 27 2023 17:20:06 GMT+0700 (Western Indonesia Time)
pid14,uid7,Oliver,cat,Maine Coon,white,male,4,5,vaccinated,curious,scared of people,shy,cuddling,chasing laser pointers,being handled roughly,being around dogs,Tue Jun 27 2023 17:20:06 GMT+0700 (Western Indonesia Time),Tue Jun 27 2023 17:20:06 GMT+0700 (Western Indonesia Time)
pid15,uid8,Tiger,cat,Birman,white,female,9,1,not vaccinated,reflects affection,unpredictability,tyranny,cuddling,sleeping in sunbeams,being handled roughly,being handled roughly,Tue Jun 27 2023 17:20:06 GMT+0700 (Western Indonesia Time),Tue Jun 27 2023 17:20:06 GMT+0700 (Western Indonesia Time)
pid16,uid8,Whiskers,cat,Ragdoll,gray,male,3,8,vaccinated,suspicious,scared of people,gentleness,playing with toys,cuddling,being handled roughly,being around dogs,Tue Jun 27 2023 17:20:06 GMT+0700 (Western Indonesia Time),Tue Jun 27 2023 17:20:06 GMT+0700 (Western Indonesia Time)
pid17,uid9,Luna,cat,Bengal,gray,female,3,4,not vaccinated,unpredictability,ruthlessness,ruthlessness,playing with toys,playing with toys,loud noises,getting wet,Tue Jun 27 2023 17:20:06 GMT+0700 (Western Indonesia Time),Tue Jun 27 2023 17:20:06 GMT+0700 (Western Indonesia Time)
pid18,uid9,Oscar,cat,Bengal,gray,male,4,6,vaccinated,fearful,insecure,friendliness towards people,sleeping in sunbeams,sleeping in sunbeams,being handled roughly,being handled roughly,Tue Jun 27 2023 17:20:06 GMT+0700 (Western Indonesia Time),Tue Jun 27 2023 17:20:06 GMT+0700 (Western Indonesia Time)
pid19,uid10,Charlie,cat,Birman,brown,female,10,4,not vaccinated,shy,curious,gentleness,playing with toys,playing with toys,loud noises,being handled roughly,Tue Jun 27 2023 17:20:06 GMT+0700 (Western Indonesia Time),Tue Jun 27 2023 17:20:06 GMT+0700 (Western Indonesia Time)
pid20,uid10,Charlie,cat,Scottish Fold,brown,male,6,8,vaccinated,insecure,volatility,scared of people,cuddling,sleeping in sunbeams,being handled roughly,being handled roughly,Tue Jun 27 2023 17:20:06 GMT+0700 (Western Indonesia Time),Tue Jun 27 2023 17:20:06 GMT+0700 (Western Indonesia Time)
pid21,uid11,Max,cat,Persian,brown,female,4,10,not vaccinated,inquisitive,shy,alert,chasing laser pointers,chasing laser pointers,being around dogs,being around dogs,Tue Jun 27 2023 17:20:06 GMT+0700 (Western Indonesia Time),Tue Jun 27 2023 17:20:06 GMT+0700 (Western Indonesia Time)
pid22,uid11,Whiskers,cat,Persian,brown,male,2,9,vaccinated,alert,unpredictability,smart,sleeping in sunbeams,cuddling,being in unfamiliar environments,loud noises,Tue Jun 27 2023 17:20:06 GMT+0700 (Western Indonesia Time),Tue Jun 27 2023 17:20:06 GMT+0700 (Western Indonesia Time)
pid23,uid12,Simba,cat,Persian,black,female,7,10,not vaccinated,volatility,gentleness,shy,playing with toys,watching birds,being in unfamiliar environments,being around dogs,Tue Jun 27 2023 17:20:06 GMT+0700 (Western Indonesia Time),Tue Jun 27 2023 17:20:06 GMT+0700 (Western Indonesia Time)
pid24,uid12,Simba,cat,Siamese,white,male,4,10,vaccinated,ruthlessness,unpredictability,suspicious,cuddling,sleeping in sunbeams,being handled roughly,being handled roughly,Tue Jun 27 2023 17:20:06 GMT+0700 (Western Indonesia Time),Tue Jun 27 2023 17:20:06 GMT+0700 (Western Indonesia Time)
pid25,uid13,Milo,cat,Maine Coon,orange,female,10,2,not vaccinated,suspicious,curious,fearful,watching birds,chasing laser pointers,being around dogs,being around dogs,Tue Jun 27 2023 17:20:06 GMT+0700 (Western Indonesia Time),Tue Jun 27 2023 17:20:06 GMT+0700 (Western Indonesia Time)
pid26,uid13,Simba,cat,Ragdoll,black,male,8,9,vaccinated,insecure,volatility,shy,cuddling,sleeping in sunbeams,loud noises,being around dogs,Tue Jun 27 2023 17:20:06 GMT+0700 (Western Indonesia Time),Tue Jun 27 2023 17:20:06 GMT+0700 (Western Indonesia Time)
pid27,uid14,Luna,cat,Abyssinian,black,female,10,1,not vaccinated,smart,scared of people,ruthlessness,cuddling,chasing laser pointers,being in unfamiliar environments,loud noises,Tue Jun 27 2023 17:20:06 GMT+0700 (Western Indonesia Time),Tue Jun 27 2023 17:20:06 GMT+0700 (Western Indonesia Time)
pid28,uid14,Luna,cat,Persian,white,male,10,8,vaccinated,friendliness towards people,insecure,tyranny,playing with toys,watching birds,being in unfamiliar environments,getting wet,Tue Jun 27 2023 17:20:06 GMT+0700 (Western Indonesia Time),Tue Jun 27 2023 17:20:06 GMT+0700 (Western Indonesia Time)
pid29,uid15,Luna,cat,Scottish Fold,gray,female,5,4,not vaccinated,unpredictability,shy,friendliness towards people,cuddling,cuddling,being in unfamiliar environments,being around dogs,Tue Jun 27 2023 17:20:06 GMT+0700 (Western Indonesia Time),Tue Jun 27 2023 17:20:06 GMT+0700 (Western Indonesia Time)
pid30,uid15,Oscar,cat,Abyssinian,brown,male,1,1,vaccinated,curious,suspicious,fearful,playing with toys,watching birds,loud noises,being handled roughly,Tue Jun 27 2023 17:20:06 GMT+0700 (Western Indonesia Time),Tue Jun 27 2023 17:20:06 GMT+0700 (Western Indonesia Time)
pid31,uid16,Oliver,cat,Ragdoll,brown,female,8,1,not vaccinated,inquisitive,inquisitive,curious,playing with toys,chasing laser pointers,getting wet,being handled roughly,Tue Jun 27 2023 17:20:06 GMT+0700 (Western Indonesia Time),Tue Jun 27 2023 17:20:06 GMT+0700 (Western Indonesia Time)
pid32,uid16,Luna,cat,Scottish Fold,black,male,6,5,vaccinated,aggressiveness,shy,fearful,cuddling,playing with toys,getting wet,being in unfamiliar environments,Tue Jun 27 2023 17:20:06 GMT+0700 (Western Indonesia Time),Tue Jun 27 2023 17:20:06 GMT+0700 (Western Indonesia Time)
pid33,uid17,Max,cat,Siamese,black,female,3,5,not vaccinated,bullying,curious,inventive,watching birds,chasing laser pointers,loud noises,being around dogs,Tue Jun 27 2023 17:20:06 GMT+0700 (Western Indonesia Time),Tue Jun 27 2023 17:20:06 GMT+0700 (Western Indonesia Time)
pid34,uid17,Charlie,cat,Sphynx,orange,male,8,4,vaccinated,alert,fearful,shy,sleeping in sunbeams,chasing laser pointers,loud noises,being handled roughly,Tue Jun 27 2023 17:20:06 GMT+0700 (Western Indonesia Time),Tue Jun 27 2023 17:20:06 GMT+0700 (Western Indonesia Time)
pid35,uid18,Oliver,cat,Siamese,white,female,8,3,not vaccinated,alert,unpredictability,insecure,sleeping in sunbeams,chasing laser pointers,being handled roughly,being handled roughly,Tue Jun 27 2023 17:20:06 GMT+0700 (Western Indonesia Time),Tue Jun 27 2023 17:20:06 GMT+0700 (Western Indonesia Time)
pid36,uid18,Oliver,cat,Abyssinian,white,male,2,10,vaccinated,friendliness towards people,inquisitive,unpredictability,playing with toys,playing with toys,being around dogs,being in unfamiliar environments,Tue Jun 27 2023 17:20:06 GMT+0700 (Western Indonesia Time),Tue Jun 27 2023 17:20:06 GMT+0700 (Western Indonesia Time)
pid37,uid19,Oscar,cat,Siamese,white,female,6,10,not vaccinated,aggressiveness,active,friendliness towards people,watching birds,cuddling,getting wet,being around dogs,Tue Jun 27 2023 17:20:06 GMT+0700 (Western Indonesia Time),Tue Jun 27 2023 17:20:06 GMT+0700 (Western Indonesia Time)
pid38,uid19,Simba,cat,Siamese,black,male,4,1,vaccinated,ruthlessness,alert,curious,cuddling,watching birds,being around dogs,being around dogs,Tue Jun 27 2023 17:20:06 GMT+0700 (Western Indonesia Time),Tue Jun 27 2023 17:20:06 GMT+0700 (Western Indonesia Time)
pid39,uid20,Simba,cat,Maine Coon,gray,female,7,8,not vaccinated,inquisitive,alert,volatility,cuddling,chasing laser pointers,being around dogs,being around dogs,Tue Jun 27 2023 17:20:06 GMT+0700 (Western Indonesia Time),Tue Jun 27 2023 17:20:06 GMT+0700 (Western Indonesia Time)
pid40,uid20,Whiskers,cat,Persian,brown,male,10,5,vaccinated,reflects affection,fearful,friendliness towards people,sleeping in sunbeams,chasing laser pointers,being around dogs,being handled roughly,Tue Jun 27 2023 17:20:06 GMT+0700 (Western Indonesia Time),Tue Jun 27 2023 17:20:06 GMT+0700 (Western Indonesia Time)
pid41,uid21,Oliver,cat,Bengal,gray,female,9,7,not vaccinated,bullying,fearful,bullying,playing with toys,cuddling,loud noises,being in unfamiliar environments,Tue Jun 27 2023 17:20:06 GMT+0700 (Western Indonesia Time),Tue Jun 27 2023 17:20:06 GMT+0700 (Western Indonesia Time)
pid42,uid21,Oscar,cat,Bengal,black,male,3,9,vaccinated,active,insecure,inquisitive,cuddling,watching birds,getting wet,being handled roughly,Tue Jun 27 2023 17:20:06 GMT+0700 (Western Indonesia Time),Tue Jun 27 2023 17:20:06 GMT+0700 (Western Indonesia Time)
pid43,uid22,Milo,cat,Scottish Fold,gray,female,7,7,not vaccinated,suspicious,suspicious,shy,chasing laser pointers,cuddling,loud noises,being handled roughly,Tue Jun 27 2023 17:20:06 GMT+0700 (Western Indonesia Time),Tue Jun 27 2023 17:20:06 GMT+0700 (Western Indonesia Time)
pid44,uid22,Charlie,cat,Scottish Fold,brown,male,9,9,vaccinated,alert,curious,alert,sleeping in sunbeams,chasing laser pointers,loud noises,being around dogs,Tue Jun 27 2023 17:20:06 GMT+0700 (Western Indonesia Time),Tue Jun 27 2023 17:20:06 GMT+0700 (Western Indonesia Time)
pid45,uid23,Oliver,cat,Abyssinian,gray,female,3,1,not vaccinated,unpredictability,curious,scared of people,sleeping in sunbeams,chasing laser pointers,being in unfamiliar environments,being handled roughly,Tue Jun 27 2023 17:20:06 GMT+0700 (Western Indonesia Time),Tue Jun 27 2023 17:20:06 GMT+0700 (Western Indonesia Time)
pid46,uid23,Luna,cat,British Shorthair,orange,male,8,1,vaccinated,shy,reflects affection,fearful,cuddling,chasing laser pointers,being around dogs,loud noises,Tue Jun 27 2023 17:20:06 GMT+0700 (Western Indonesia Time),Tue Jun 27 2023 17:20:06 GMT+0700 (Western Indonesia Time)
pid47,uid24,Simba,cat,Scottish Fold,orange,female,3,3,not vaccinated,curious,insecure,shy,cuddling,cuddling,loud noises,getting wet,Tue Jun 27 2023 17:20:06 GMT+0700 (Western Indonesia Time),Tue Jun 27 2023 17:20:06 GMT+0700 (Western Indonesia Time)
pid48,uid24,Whiskers,cat,Siamese,gray,male,4,4,vaccinated,bullying,insecure,tyranny,watching birds,playing with toys,getting wet,loud noises,Tue Jun 27 2023 17:20:06 GMT+0700 (Western Indonesia Time),Tue Jun 27 2023 17:20:06 GMT+0700 (Western Indonesia Time)
pid49,uid25,Max,cat,Ragdoll,black,female,1,5,not vaccinated,insecure,insecure,ruthlessness,playing with toys,chasing laser pointers,loud noises,being handled roughly,Tue Jun 27 2023 17:20:06 GMT+0700 (Western Indonesia Time),Tue Jun 27 2023 17:20:06 GMT+0700 (Western Indonesia Time)
pid50,uid25,Milo,cat,Sphynx,brown,male,5,6,vaccinated,aggressiveness,active,suspicious,cuddling,playing with toys,being in unfamiliar environments,being handled roughly,Tue Jun 27 2023 17:20:06 GMT+0700 (Western Indonesia Time),Tue Jun 27 2023 17:20:06 GMT+0700 (Western Indonesia Time)
pid51,uid26,Sadie,dog,Poodle,gray,female,4,8,not vaccinated,imaginative,excitable,curious,going for walks,getting belly rubs,being scolded,loud noises,Tue Jun 27 2023 17:20:06 GMT+0700 (Western Indonesia Time),Tue Jun 27 2023 17:20:06 GMT+0700 (Western Indonesia Time)
pid52,uid26,Sadie,dog,Beagle,brown,male,3,6,vaccinated,outgoing,imaginative,curious,learning new tricks,playing fetch,being left alone,being around cats,Tue Jun 27 2023 17:20:06 GMT+0700 (Western Indonesia Time),Tue Jun 27 2023 17:20:06 GMT+0700 (Western Indonesia Time)
pid53,uid27,Milo,dog,Golden Retriever,black,female,3,3,not vaccinated,curious,excitable,sociable,going for walks,playing fetch,being around cats,loud noises,Tue Jun 27 2023 17:20:06 GMT+0700 (Western Indonesia Time),Tue Jun 27 2023 17:20:06 GMT+0700 (Western Indonesia Time)
pid54,uid27,Sadie,dog,Boxer,black,male,10,1,vaccinated,sociable,efficient,efficient,sniffing everything,learning new tricks,being left alone,being left alone,Tue Jun 27 2023 17:20:06 GMT+0700 (Western Indonesia Time),Tue Jun 27 2023 17:20:06 GMT+0700 (Western Indonesia Time)
pid55,uid28,Sadie,dog,Poodle,black,female,7,6,not vaccinated,straightforward,anxious,thorough,learning new tricks,getting belly rubs,being left alone,being in confined spaces,Tue Jun 27 2023 17:20:06 GMT+0700 (Western Indonesia Time),Tue Jun 27 2023 17:20:06 GMT+0700 (Western Indonesia Time)
pid56,uid28,Daisy,dog,Labrador Retriever,white,male,3,6,vaccinated,sociable,efficient,thorough,going for walks,going for walks,being left alone,being left alone,Tue Jun 27 2023 17:20:06 GMT+0700 (Western Indonesia Time),Tue Jun 27 2023 17:20:06 GMT+0700 (Western Indonesia Time)
pid57,uid29,Lucy,dog,Labrador Retriever,white,female,6,4,not vaccinated,anxious,anxious,straightforward,learning new tricks,getting belly rubs,being left alone,being left alone,Tue Jun 27 2023 17:20:06 GMT+0700 (Western Indonesia Time),Tue Jun 27 2023 17:20:06 GMT+0700 (Western Indonesia Time)
pid58,uid29,Cooper,dog,Boxer,black,male,9,8,vaccinated,irritable,straightforward,thorough,learning new tricks,playing fetch,being left alone,loud noises,Tue Jun 27 2023 17:20:06 GMT+0700 (Western Indonesia Time),Tue Jun 27 2023 17:20:06 GMT+0700 (Western Indonesia Time)
pid59,uid30,Lola,dog,Labrador Retriever,black,female,1,10,not vaccinated,imaginative,excitable,not lazy,going for walks,playing fetch,being scolded,being scolded,Tue Jun 27 2023 17:20:06 GMT+0700 (Western Indonesia Time),Tue Jun 27 2023 17:20:06 GMT+0700 (Western Indonesia Time)
pid60,uid30,Cooper,dog,Golden Retriever,white,male,4,5,vaccinated,not lazy,shy,curious,sniffing everything,playing fetch,being in confined spaces,being scolded,Tue Jun 27 2023 17:20:06 GMT+0700 (Western Indonesia Time),Tue Jun 27 2023 17:20:06 GMT+0700 (Western Indonesia Time)
pid61,uid31,Lola,dog,Golden Retriever,gray,female,8,2,not vaccinated,not lazy,outgoing,imaginative,getting belly rubs,learning new tricks,being around cats,loud noises,Tue Jun 27 2023 17:20:06 GMT+0700 (Western Indonesia Time),Tue Jun 27 2023 17:20:06 GMT+0700 (Western Indonesia Time)
pid62,uid31,Max,dog,Golden Retriever,gray,male,4,5,vaccinated,imaginative,efficient,straightforward,getting belly rubs,learning new tricks,being in confined spaces,being in confined spaces,Tue Jun 27 2023 17:20:06 GMT+0700 (Western Indonesia Time),Tue Jun 27 2023 17:20:06 GMT+0700 (Western Indonesia Time)
pid63,uid32,Max,dog,Beagle,golden,female,4,1,not vaccinated,sociable,anxious,not lazy,going for walks,playing fetch,being around cats,loud noises,Tue Jun 27 2023 17:20:06 GMT+0700 (Western Indonesia Time),Tue Jun 27 2023 17:20:06 GMT+0700 (Western Indonesia Time)
pid64,uid32,Lola,dog,Golden Retriever,golden,male,3,7,vaccinated,anxious,imaginative,imaginative,playing fetch,learning new tricks,being left alone,being in confined spaces,Tue Jun 27 2023 17:20:06 GMT+0700 (Western Indonesia Time),Tue Jun 27 2023 17:20:06 GMT+0700 (Western Indonesia Time)
pid65,uid33,Cooper,dog,Golden Retriever,black,female,3,4,not vaccinated,sociable,straightforward,imaginative,sniffing everything,getting belly rubs,being around cats,loud noises,Tue Jun 27 2023 17:20:06 GMT+0700 (Western Indonesia Time),Tue Jun 27 2023 17:20:06 GMT+0700 (Western Indonesia Time)
pid66,uid33,Daisy,dog,Yorkshire Terrier,black,male,1,10,vaccinated,sociable,imaginative,outgoing,learning new tricks,learning new tricks,being left alone,being scolded,Tue Jun 27 2023 17:20:06 GMT+0700 (Western Indonesia Time),Tue Jun 27 2023 17:20:06 GMT+0700 (Western Indonesia Time)
pid67,uid34,Max,dog,Labrador Retriever,golden,female,10,4,not vaccinated,trustworthy,sociable,thorough,learning new tricks,playing fetch,being left alone,loud noises,Tue Jun 27 2023 17:20:06 GMT+0700 (Western Indonesia Time),Tue Jun 27 2023 17:20:06 GMT+0700 (Western Indonesia Time)
pid68,uid34,Cooper,dog,Rottweiler,golden,male,10,10,vaccinated,outgoing,straightforward,curious,going for walks,playing fetch,being left alone,loud noises,Tue Jun 27 2023 17:20:06 GMT+0700 (Western Indonesia Time),Tue Jun 27 2023 17:20:06 GMT+0700 (Western Indonesia Time)
pid69,uid35,Rocky,dog,Bulldog,white,female,8,9,not vaccinated,sociable,imaginative,shy,playing fetch,sniffing everything,being left alone,being around cats,Tue Jun 27 2023 17:20:06 GMT+0700 (Western Indonesia Time),Tue Jun 27 2023 17:20:06 GMT+0700 (Western Indonesia Time)
pid70,uid35,Lucy,dog,Bulldog,brown,male,1,9,vaccinated,outgoing,outgoing,excitable,playing fetch,playing fetch,being scolded,being around cats,Tue Jun 27 2023 17:20:06 GMT+0700 (Western Indonesia Time),Tue Jun 27 2023 17:20:06 GMT+0700 (Western Indonesia Time)
pid71,uid36,Milo,dog,Poodle,brown,female,2,9,not vaccinated,straightforward,imaginative,thorough,sniffing everything,learning new tricks,being around cats,being around cats,Tue Jun 27 2023 17:20:06 GMT+0700 (Western Indonesia Time),Tue Jun 27 2023 17:20:06 GMT+0700 (Western Indonesia Time)
pid72,uid36,Daisy,dog,Golden Retriever,black,male,9,5,vaccinated,shy,straightforward,excitable,getting belly rubs,playing fetch,loud noises,loud noises,Tue Jun 27 2023 17:20:06 GMT+0700 (Western Indonesia Time),Tue Jun 27 2023 17:20:06 GMT+0700 (Western Indonesia Time)
pid73,uid37,Lucy,dog,Beagle,golden,female,2,6,not vaccinated,efficient,straightforward,shy,sniffing everything,playing fetch,being around cats,loud noises,Tue Jun 27 2023 17:20:06 GMT+0700 (Western Indonesia Time),Tue Jun 27 2023 17:20:06 GMT+0700 (Western Indonesia Time)
pid74,uid37,Milo,dog,Yorkshire Terrier,black,male,3,10,vaccinated,curious,curious,straightforward,playing fetch,playing fetch,being around cats,loud noises,Tue Jun 27 2023 17:20:06 GMT+0700 (Western Indonesia Time),Tue Jun 27 2023 17:20:06 GMT+0700 (Western Indonesia Time)
pid75,uid38,Milo,dog,Bulldog,golden,female,4,6,not vaccinated,efficient,curious,curious,going for walks,playing fetch,loud noises,being around cats,Tue Jun 27 2023 17:20:06 GMT+0700 (Western Indonesia Time),Tue Jun 27 2023 17:20:06 GMT+0700 (Western Indonesia Time)
pid76,uid38,Milo,dog,Yorkshire Terrier,golden,male,4,1,vaccinated,not lazy,curious,curious,getting belly rubs,going for walks,loud noises,being in confined spaces,Tue Jun 27 2023 17:20:06 GMT+0700 (Western Indonesia Time),Tue Jun 27 2023 17:20:06 GMT+0700 (Western Indonesia Time)
pid77,uid39,Cooper,dog,Golden Retriever,golden,female,7,6,not vaccinated,anxious,trustworthy,anxious,going for walks,getting belly rubs,being in confined spaces,being left alone,Tue Jun 27 2023 17:20:06 GMT+0700 (Western Indonesia Time),Tue Jun 27 2023 17:20:06 GMT+0700 (Western Indonesia Time)
pid78,uid39,Rocky,dog,Rottweiler,golden,male,10,10,vaccinated,straightforward,curious,efficient,getting belly rubs,going for walks,being left alone,being scolded,Tue Jun 27 2023 17:20:06 GMT+0700 (Western Indonesia Time),Tue Jun 27 2023 17:20:06 GMT+0700 (Western Indonesia Time)
pid79,uid40,Cooper,dog,German Shepherd,white,female,2,2,not vaccinated,sociable,irritable,thorough,going for walks,going for walks,being scolded,loud noises,Tue Jun 27 2023 17:20:06 GMT+0700 (Western Indonesia Time),Tue Jun 27 2023 17:20:06 GMT+0700 (Western Indonesia Time)
pid80,uid40,Bella,dog,Bulldog,brown,male,6,10,vaccinated,curious,straightforward,shy,going for walks,playing fetch,loud noises,being in confined spaces,Tue Jun 27 2023 17:20:06 GMT+0700 (Western Indonesia Time),Tue Jun 27 2023 17:20:06 GMT+0700 (Western Indonesia Time)
pid81,uid41,Lucy,dog,Poodle,brown,female,3,1,not vaccinated,imaginative,not lazy,irritable,going for walks,playing fetch,being left alone,being left alone,Tue Jun 27 2023 17:20:06 GMT+0700 (Western Indonesia Time),Tue Jun 27 2023 17:20:06 GMT+0700 (Western Indonesia Time)
pid82,uid41,Charlie,dog,Bulldog,brown,male,6,4,vaccinated,irritable,not lazy,shy,playing fetch,getting belly rubs,being left alone,being around cats,Tue Jun 27 2023 17:20:06 GMT+0700 (Western Indonesia Time),Tue Jun 27 2023 17:20:06 GMT+0700 (Western Indonesia Time)
pid83,uid42,Lola,dog,Beagle,black,female,2,10,not vaccinated,curious,sociable,anxious,sniffing everything,sniffing everything,being around cats,being scolded,Tue Jun 27 2023 17:20:06 GMT+0700 (Western Indonesia Time),Tue Jun 27 2023 17:20:06 GMT+0700 (Western Indonesia Time)
pid84,uid42,Cooper,dog,Beagle,black,male,5,2,vaccinated,straightforward,outgoing,excitable,going for walks,getting belly rubs,being around cats,being around cats,Tue Jun 27 2023 17:20:06 GMT+0700 (Western Indonesia Time),Tue Jun 27 2023 17:20:06 GMT+0700 (Western Indonesia Time)
pid85,uid43,Rocky,dog,Dachshund,black,female,3,10,not vaccinated,curious,outgoing,irritable,sniffing everything,playing fetch,being left alone,loud noises,Tue Jun 27 2023 17:20:06 GMT+0700 (Western Indonesia Time),Tue Jun 27 2023 17:20:06 GMT+0700 (Western Indonesia Time)
pid86,uid43,Charlie,dog,German Shepherd,brown,male,3,10,vaccinated,curious,curious,shy,playing fetch,learning new tricks,being left alone,being around cats,Tue Jun 27 2023 17:20:06 GMT+0700 (Western Indonesia Time),Tue Jun 27 2023 17:20:06 GMT+0700 (Western Indonesia Time)
pid87,uid44,Cooper,dog,German Shepherd,gray,female,4,5,not vaccinated,curious,irritable,not lazy,learning new tricks,learning new tricks,being left alone,being left alone,Tue Jun 27 2023 17:20:06 GMT+0700 (Western Indonesia Time),Tue Jun 27 2023 17:20:06 GMT+0700 (Western Indonesia Time)
pid88,uid44,Rocky,dog,Beagle,white,male,8,2,vaccinated,trustworthy,imaginative,thorough,sniffing everything,playing fetch,loud noises,being in confined spaces,Tue Jun 27 2023 17:20:06 GMT+0700 (Western Indonesia Time),Tue Jun 27 2023 17:20:06 GMT+0700 (Western Indonesia Time)
pid89,uid45,Rocky,dog,German Shepherd,black,female,10,9,not vaccinated,thorough,straightforward,thorough,learning new tricks,getting belly rubs,being left alone,being in confined spaces,Tue Jun 27 2023 17:20:06 GMT+0700 (Western Indonesia Time),Tue Jun 27 2023 17:20:06 GMT+0700 (Western Indonesia Time)
pid90,uid45,Milo,dog,Boxer,golden,male,7,4,vaccinated,sociable,excitable,imaginative,sniffing everything,playing fetch,being scolded,loud noises,Tue Jun 27 2023 17:20:06 GMT+0700 (Western Indonesia Time),Tue Jun 27 2023 17:20:06 GMT+0700 (Western Indonesia Time)
pid91,uid46,Milo,dog,Yorkshire Terrier,gray,female,9,5,not vaccinated,efficient,excitable,sociable,going for walks,going for walks,being left alone,loud noises,Tue Jun 27 2023 17:20:06 GMT+0700 (Western Indonesia Time),Tue Jun 27 2023 17:20:06 GMT+0700 (Western Indonesia Time)
pid92,uid46,Bella,dog,Yorkshire Terrier,brown,male,7,3,vaccinated,straightforward,curious,sociable,getting belly rubs,playing fetch,being in confined spaces,being left alone,Tue Jun 27 2023 17:20:06 GMT+0700 (Western Indonesia Time),Tue Jun 27 2023 17:20:06 GMT+0700 (Western Indonesia Time)
pid93,uid47,Charlie,dog,Beagle,brown,female,3,2,not vaccinated,efficient,outgoing,outgoing,going for walks,playing fetch,being around cats,loud noises,Tue Jun 27 2023 17:20:06 GMT+0700 (Western Indonesia Time),Tue Jun 27 2023 17:20:06 GMT+0700 (Western Indonesia Time)
pid94,uid47,Rocky,dog,Bulldog,brown,male,2,4,vaccinated,imaginative,sociable,straightforward,going for walks,going for walks,being left alone,being in confined spaces,Tue Jun 27 2023 17:20:06 GMT+0700 (Western Indonesia Time),Tue Jun 27 2023 17:20:06 GMT+0700 (Western Indonesia Time)
pid95,uid48,Rocky,dog,Bulldog,brown,female,3,5,not vaccinated,thorough,irritable,curious,sniffing everything,getting belly rubs,being around cats,loud noises,Tue Jun 27 2023 17:20:06 GMT+0700 (Western Indonesia Time),Tue Jun 27 2023 17:20:06 GMT+0700 (Western Indonesia Time)
pid96,uid48,Sadie,dog,Bulldog,brown,male,2,9,vaccinated,trustworthy,trustworthy,thorough,getting belly rubs,playing fetch,being around cats,being in confined spaces,Tue Jun 27 2023 17:20:06 GMT+0700 (Western Indonesia Time),Tue Jun 27 2023 17:20:06 GMT+0700 (Western Indonesia Time)
pid97,uid49,Sadie,dog,Yorkshire Terrier,gray,female,3,3,not vaccinated,curious,curious,trustworthy,going for walks,sniffing everything,being left alone,loud noises,Tue Jun 27 2023 17:20:06 GMT+0700 (Western Indonesia Time),Tue Jun 27 2023 17:20:06 GMT+0700 (Western Indonesia Time)
pid98,uid49,Lucy,dog,Boxer,white,male,5,8,vaccinated,trustworthy,excitable,sociable,learning new tricks,playing fetch,being left alone,being around cats,Tue Jun 27 2023 17:20:06 GMT+0700 (Western Indonesia Time),Tue Jun 27 2023 17:20:06 GMT+0700 (Western Indonesia Time)
pid99,uid50,Lucy,dog,Poodle,white,female,6,1,not vaccinated,trustworthy,not lazy,trustworthy,going for walks,learning new tricks,being in confined spaces,loud noises,Tue Jun 27 2023 17:20:06 GMT+0700 (Western Indonesia Time),Tue Jun 27 2023 17:20:06 GMT+0700 (Western Indonesia Time)
pid100,uid50,Sadie,dog,Poodle,brown,male,6,3,vaccinated,straightforward,imaginative,trustworthy,getting belly rubs,getting belly rubs,being left alone,loud noises,Tue Jun 27 2023 17:20:06 GMT+0700 (Western Indonesia Time),Tue Jun 27 2023 17:20:06 GMT+0700 (Western Indonesia Time)
